marca_temporal,id_resposta,satisfaccio,segment,codi_postal,comentari_lliure
2026-06-01T09:00:00Z,1001,1,Particular,08001,El servei d'atenció al client ha estat molt ràpid i eficaç i n'estic molt satisfet avui.
2026-06-01T09:05:00Z,1002,2,Particular,08001,Penso que el producte podria millorar en qualitat encara que el preu és força raonable.
2026-06-01T09:10:00Z,1003,3,Particular,08001,L'experiència general amb l'enquesta ha estat positiva tot i haver-hi marge de millora.
2026-06-01T09:15:00Z,1004,4,Particular,08001,Els terminis de lliurament es van complir sense cap incidència destacable aquest cop.
2026-06-01T09:20:00Z,1005,5,Particular,08001,El personal em va atendre amb amabilitat i professionalitat durant tota la trucada rebuda.
2026-06-01T09:25:00Z,1006,6,Particular,08001,Voldria que el procés fos més senzill i intuïtiu la propera vegada que ho utilitzi tot.
2026-06-01T09:30:00Z,1007,7,Particular,08002,La qualitat del producte ha millorat molt respecte a l'any passat i felicito tot l'equip.
2026-06-01T09:35:00Z,1008,8,Particular,08002,M'agradaria rebre més informació abans de finalitzar la compra la propera vegada aquí.
2026-06-01T09:40:00Z,1009,9,Particular,08002,El preu és una mica elevat comparat amb altres opcions similars del mercat actual vist.
2026-06-01T09:45:00Z,1010,10,Particular,08002,L'atenció telefònica va trigar més del que esperava tot i que finalment ho van resoldre.
2026-06-01T09:50:00Z,1011,1,Particular,08002,Estic molt content amb el resultat final que va superar totes les meves expectatives inicials.
2026-06-01T09:55:00Z,1012,2,Particular,08002,Recomanaria aquest servei a coneguts meus sense cap mena de dubte ni reticència alguna.
2026-06-01T10:00:00Z,1013,3,Empresa,08003,El procés de compra online va ser complicat i poc intuïtiu per a mi la veritat sincera.
2026-06-01T10:05:00Z,1014,4,Empresa,08003,Vaig trobar el servei d'atenció força lent comparat amb experiències anteriors meves.
2026-06-01T10:10:00Z,1015,5,Empresa,08003,La qualitat percebuda és bona però el termini de lliurament és massa llarg encara avui.
2026-06-01T10:15:00Z,1016,6,Empresa,08003,M'ha agradat molt la facilitat d'ús de la plataforma durant tot el procés de compra fet.
2026-06-01T10:20:00Z,1017,7,Empresa,08003,Els preus podrien ajustar-se millor a la qualitat oferta pel producte final actual vist.
2026-06-01T10:25:00Z,1018,8,Empresa,08003,El suport tècnic va respondre ràpidament i va resoldre el meu dubte sense cap problema.
2026-06-01T10:30:00Z,1019,9,Empresa,08004,Trobo que la informació proporcionada abans de la compra és clara i força completa avui.
2026-06-01T10:35:00Z,1020,10,Empresa,08004,El disseny de l'envàs podria millorar per fer-lo més atractiu i sostenible ecològic també.
2026-06-01T10:40:00Z,1021,1,Empresa,08004,Vam tenir un petit problema amb l'enviament però es va solucionar ràpidament després d'això.
2026-06-01T10:45:00Z,1022,2,Empresa,08004,La relació qualitat preu em sembla molt equilibrada comparada amb altres opcions vistes ara.
2026-06-01T10:50:00Z,1023,3,Empresa,08004,M'agradaria que hi hagués més varietat de colors disponibles per triar en un futur proper.
2026-06-01T10:55:00Z,1024,4,Empresa,08004,En general estic satisfet amb el producte i el servei rebut durant tot el procés de compra fet.
